{
    "name": "root",
    "gauges": {
        "Hummingbird.Policy.Entropy.mean": {
            "value": 1.4390066862106323,
            "min": 1.4183903932571411,
            "max": 1.4513434171676636,
            "count": 500
        },
        "Hummingbird.Policy.Entropy.sum": {
            "value": 14320.994140625,
            "min": 13890.373046875,
            "max": 15181.6357421875,
            "count": 500
        },
        "Hummingbird.Step.mean": {
            "value": 4999920.0,
            "min": 9984.0,
            "max": 4999920.0,
            "count": 500
        },
        "Hummingbird.Step.sum": {
            "value": 4999920.0,
            "min": 9984.0,
            "max": 4999920.0,
            "count": 500
        },
        "Hummingbird.Policy.ExtrinsicValueEstimate.mean": {
            "value": 0.003843254642561078,
            "min": -0.48433345556259155,
            "max": 0.20465783774852753,
            "count": 500
        },
        "Hummingbird.Policy.ExtrinsicValueEstimate.sum": {
            "value": 0.30746036767959595,
            "min": -39.23101043701172,
            "max": 16.37262725830078,
            "count": 500
        },
        "Hummingbird.IsTraining.mean": {
            "value": 1.0,
            "min": 1.0,
            "max": 1.0,
            "count": 500
        },
        "Hummingbird.IsTraining.sum": {
            "value": 1.0,
            "min": 1.0,
            "max": 1.0,
            "count": 500
        },
        "Hummingbird.Environment.EpisodeLength.mean": {
            "value": 2999.0,
            "min": 2997.0,
            "max": 2999.0,
            "count": 416
        },
        "Hummingbird.Environment.EpisodeLength.sum": {
            "value": 11996.0,
            "min": 11988.0,
            "max": 11996.0,
            "count": 416
        },
        "Hummingbird.Environment.CumulativeReward.mean": {
            "value": 0.0,
            "min": -41.75,
            "max": 0.13056540116667747,
            "count": 422
        },
        "Hummingbird.Environment.CumulativeReward.sum": {
            "value": 0.0,
            "min": -167.0,
            "max": 0.5222616046667099,
            "count": 422
        },
        "Hummingbird.Policy.ExtrinsicReward.mean": {
            "value": 0.0,
            "min": -41.75,
            "max": 0.13056540116667747,
            "count": 422
        },
        "Hummingbird.Policy.ExtrinsicReward.sum": {
            "value": 0.0,
            "min": -167.0,
            "max": 0.5222616046667099,
            "count": 422
        },
        "Hummingbird.Losses.PolicyLoss.mean": {
            "value": 0.058401088269116976,
            "min": 0.024876174738164992,
            "max": 0.1499616003013216,
            "count": 239
        },
        "Hummingbird.Losses.PolicyLoss.sum": {
            "value": 0.058401088269116976,
            "min": 0.024876174738164992,
            "max": 0.1499616003013216,
            "count": 239
        },
        "Hummingbird.Losses.ValueLoss.mean": {
            "value": 1.8000674056869078e-05,
            "min": 4.4916431685730155e-06,
            "max": 0.08505477135380109,
            "count": 239
        },
        "Hummingbird.Losses.ValueLoss.sum": {
            "value": 1.8000674056869078e-05,
            "min": 4.4916431685730155e-06,
            "max": 0.08505477135380109,
            "count": 239
        },
        "Hummingbird.Policy.LearningRate.mean": {
            "value": 7.709797430399847e-07,
            "min": 7.709797430399847e-07,
            "max": 0.00029875776041407993,
            "count": 239
        },
        "Hummingbird.Policy.LearningRate.sum": {
            "value": 7.709797430399847e-07,
            "min": 7.709797430399847e-07,
            "max": 0.00029875776041407993,
            "count": 239
        },
        "Hummingbird.Policy.Epsilon.mean": {
            "value": 0.10025695999999998,
            "min": 0.10025695999999998,
            "max": 0.19958591999999994,
            "count": 239
        },
        "Hummingbird.Policy.Epsilon.sum": {
            "value": 0.10025695999999998,
            "min": 0.10025695999999998,
            "max": 0.19958591999999994,
            "count": 239
        },
        "Hummingbird.Policy.Beta.mean": {
            "value": 2.282230399999976e-05,
            "min": 2.282230399999976e-05,
            "max": 0.004979337407999999,
            "count": 239
        },
        "Hummingbird.Policy.Beta.sum": {
            "value": 2.282230399999976e-05,
            "min": 2.282230399999976e-05,
            "max": 0.004979337407999999,
            "count": 239
        }
    },
    "metadata": {
        "timer_format_version": "0.1.0",
        "start_time_seconds": "1652634037",
        "python_version": "3.7.13 (default, Mar 28 2022, 08:03:21) [MSC v.1916 64 bit (AMD64)]",
        "command_line_arguments": "C:\\Users\\s1704851\\.conda\\envs\\ml-agents-1.0\\Scripts\\mlagents-learn trainer_config.yaml --run-id=HBS_01 --force",
        "mlagents_version": "0.29.0",
        "mlagents_envs_version": "0.29.0",
        "communication_protocol_version": "1.5.0",
        "pytorch_version": "1.11.0",
        "numpy_version": "1.21.5",
        "end_time_seconds": "1652648670"
    },
    "total": 14632.429348700001,
    "count": 1,
    "self": 0.008133200000884244,
    "children": {
        "run_training.setup": {
            "total": 0.11839529999999998,
            "count": 1,
            "self": 0.11839529999999998
        },
        "TrainerController.start_learning": {
            "total": 14632.3028202,
            "count": 1,
            "self": 18.272827499346022,
            "children": {
                "TrainerController._reset_env": {
                    "total": 10.9930075,
                    "count": 1,
                    "self": 10.9930075
                },
                "TrainerController.advance": {
                    "total": 14602.895912200656,
                    "count": 1250043,
                    "self": 18.182884302463208,
                    "children": {
                        "env_step": {
                            "total": 13855.982426099497,
                            "count": 1250043,
                            "self": 12035.440545999894,
                            "children": {
                                "SubprocessEnvManager._take_step": {
                                    "total": 1809.5983906003728,
                                    "count": 1250043,
                                    "self": 58.144745499718056,
                                    "children": {
                                        "TorchPolicy.evaluate": {
                                            "total": 1751.4536451006547,
                                            "count": 1250043,
                                            "self": 776.5973479013439,
                                            "children": {
                                                "TorchPolicy.sample_actions": {
                                                    "total": 974.8562971993108,
                                                    "count": 1250043,
                                                    "self": 974.8562971993108
                                                }
                                            }
                                        }
                                    }
                                },
                                "workers": {
                                    "total": 10.943489499229967,
                                    "count": 1250043,
                                    "self": 0.0,
                                    "children": {
                                        "worker_root": {
                                            "total": 14600.720571199947,
                                            "count": 1250043,
                                            "is_parallel": true,